<?xml version="1.0" encoding="utf-8"?>

<Patch>

	<Operation Class="PatchOperationSequence">
		<success>Always</success>
		<operations>
			
			<!--designatorDropdown, costList, designationCategory-->
			<li Class="PatchOperationAdd">
				<xpath>/Defs/TerrainDef[defName = "Soil"]</xpath>
				<value>
					<placeWorkers>
						<li>SR.PlaceWorker_Soil</li>
					</placeWorkers>
					<costList>
						<SR_Soil>10</SR_Soil>
					</costList>
					<designatorDropdown>SR</designatorDropdown>
					<designationCategory>Floors</designationCategory>
				</value>
			</li>
			
			<li Class="PatchOperationAdd">
				<xpath>/Defs/TerrainDef[defName = "Sand"]</xpath>
				<value>
					<placeWorkers>
						<li>SR.PlaceWorker_Soil</li>
					</placeWorkers>
					<costList>
						<SR_Sand>10</SR_Sand>
					</costList>
					<designatorDropdown>SR</designatorDropdown>
					<designationCategory>Floors</designationCategory>
				</value>
			</li>
		
			<li Class="PatchOperationAdd">
				<xpath>/Defs/TerrainDef[defName = "SoilRich"]</xpath>
				<value>
					<placeWorkers>
						<li>SR.PlaceWorker_Soil</li>
					</placeWorkers>
					<costList>
						<SR_RichSoil>10</SR_RichSoil>
					</costList>
					<designatorDropdown>SR</designatorDropdown>
					<designationCategory>Floors</designationCategory>
				</value>
			</li>
		
			<li Class="PatchOperationAdd">
				<xpath>/Defs/TerrainDef[defName = "Gravel"]</xpath>
				<value>
					<placeWorkers>
						<li>SR.PlaceWorker_Soil</li>
					</placeWorkers>
					<costList>
						<SR_Gravel>10</SR_Gravel>
					</costList>
					<designatorDropdown>SR</designatorDropdown>
					<designationCategory>Floors</designationCategory>
				</value>
			</li>
			
			<li Class="PatchOperationAdd">
				<xpath>/Defs/TerrainDef[defName = "Ice"]</xpath>
				<value>
					<placeWorkers>
						<li>SR.PlaceWorker_Soil</li>
					</placeWorkers>
					<costList>
						<SR_Ice>10</SR_Ice>
					</costList>
					<designatorDropdown>SR</designatorDropdown>
					<designationCategory>Floors</designationCategory>
				</value>
			</li>
			
			<!--WorkToBuild, MarketValue-->
			<li Class="PatchOperationAdd">
				<xpath>/Defs/TerrainDef[defName = "Soil"]/statBases</xpath>
				<value>
					<WorkToBuild>200</WorkToBuild>
					<MarketValue>0</MarketValue>
				</value>
			</li>
			
			<li Class="PatchOperationAdd">
				<xpath>/Defs/TerrainDef[defName = "Sand"]/statBases</xpath>
				<value>
					<WorkToBuild>200</WorkToBuild>
					<MarketValue>0</MarketValue>
				</value>
			</li>
			
			<li Class="PatchOperationAdd">
				<xpath>/Defs/TerrainDef[defName = "SoilRich"]/statBases</xpath>
				<value>
					<WorkToBuild>200</WorkToBuild>
					<MarketValue>0</MarketValue>
				</value>
			</li>
			
			<li Class="PatchOperationAdd">
				<xpath>/Defs/TerrainDef[defName = "Gravel"]/statBases</xpath>
				<value>
					<WorkToBuild>200</WorkToBuild>
					<MarketValue>0</MarketValue>
				</value>
			</li>
			
			<li Class="PatchOperationAdd">
				<xpath>/Defs/TerrainDef[defName = "Ice"]/statBases</xpath>
				<value>
					<WorkToBuild>200</WorkToBuild>
					<MarketValue>0</MarketValue>
				</value>
			</li>
		</operations>
	</Operation>
	
</Patch>