<?xml version="1.0" encoding="utf-8"?>
<ModMetaData>
  <name>Soil Relocation Framework</name>
  <author>Evelyn</author>
  <supportedVersions>
    <li>1.3</li>
    <li>1.4</li>
  </supportedVersions>
  <packageId>UdderlyEvelyn.SoilRelocation</packageId>
  <description>
With SoilRelocation, you can dig and relocate soil!
  </description>
  <loadAfter>
    <li>Ludeon.RimWorld</li>
    <li>UdderlyEvelyn.ConsistentMapStone</li>
  </loadAfter>
  <modDependencies>
        <li>
            <packageId>udderlyevelyn.consistentmapstone</packageId>
            <displayName>Consistent Map Stone</displayName>
            <steamWorkshopUrl>steam://url/CommunityFilePage/2654086748</steamWorkshopUrl>
        </li>
    </modDependencies>
</ModMetaData>


